state,pollscore,sample_size,party,vote_percentage
Nebraska,-0.3598034240699579,2949,Republican,40.65
New York,-0.04064752510025021,2629,Democratic,31.03
Florida,-1.7821622743181895,2734,Republican,57.67
Nevada,-1.1224228166016872,1620,Democratic,51.94
Alaska,-1.0027840026182797,3363,Democratic,58.28
New Jersey,1.7767043253158643,3942,Republican,31.38
Colorado,-1.3882582493029325,1449,Democratic,69.42
Maine,-0.49749494163629704,2438,Republican,44.41
Rhode Island,-0.5579895889806328,833,Democratic,39.64
Oregon,-0.8243824463401576,3533,Democratic,63.98
Nebraska,1.6687781843852245,4741,Republican,36.58
West Virginia,-0.6819648597280518,1661,Republican,37.84
North Dakota,0.06519751240337184,3583,Democratic,41.75
Idaho,-0.25985911019425795,2827,Republican,58.59
Florida,0.32900796449127223,3469,Democratic,60.16
Wisconsin,-0.4369656812050895,1868,Democratic,66.64
Utah,-0.3228889147728931,1969,Democratic,38.91
Oregon,0.11455482842473136,1774,Republican,41.59
West Virginia,0.8423920551965819,1762,Democratic,35.74
Virginia,0.3424826801173547,3376,Republican,57.73
Georgia,0.011434888519520696,2871,Republican,30.68
California,-1.3913522766311959,4663,Democratic,58.73
Texas,0.5018119306523364,3856,Republican,69.67
Maryland,1.0763604177372603,945,Democratic,66.6
Massachusetts,-1.9677980298507152,2043,Democratic,61.87
Oklahoma,-1.2647196849659426,4854,Republican,39.93
Wyoming,-1.50261249657113,1276,Republican,53.85
Rhode Island,1.2193820338667558,4404,Republican,47.56
Illinois,-0.9049496033721078,572,Democratic,33.66
Michigan,0.35997277572310704,4574,Democratic,62.07
Texas,0.41016699868580164,2611,Republican,49.95
California,1.24609309337181,3979,Democratic,53.09
New Jersey,-1.1037776765963065,2297,Democratic,67.87
Oregon,0.13645174806346894,4868,Republican,61.05
Ohio,0.44742419239587783,4395,Republican,32.45
Alaska,-2.216565505066027,1288,Republican,42.59
North Carolina,-0.5842479263479317,4485,Republican,63.52
New Jersey,-1.0544496641668328,4826,Democratic,34.85
Illinois,1.2597857322008186,2201,Democratic,41.72
Vermont,-0.08472118788580979,2591,Republican,68.38
Ohio,-0.8578905041122964,1467,Republican,43.53
Kansas,-0.6002490139385827,2903,Democratic,32.19
Mississippi,0.7234822397153181,2282,Republican,39.67
Arizona,0.21780369335223,1631,Democratic,60.12
Arkansas,0.610748838238088,3814,Republican,51.78
New Mexico,-0.11538061406056574,4397,Republican,47.07
Minnesota,-0.03634635699377903,4511,Republican,47.28
Florida,-1.859986369211335,2827,Democratic,46.25
Colorado,-0.8452687421652982,4401,Democratic,38.39
New Hampshire,1.3307172296254501,3095,Republican,52.57
Nebraska,-0.947117671399483,3949,Republican,63.24
Wyoming,-0.3650320762790154,4254,Democratic,37.78
Idaho,0.5697357091894253,2524,Republican,65.54
Arkansas,0.034578182206705374,797,Republican,43.56
Louisiana,1.6356221660492303,2452,Democratic,68.09
Wyoming,-0.4618162417197085,2717,Democratic,30.58
North Dakota,-0.5529455244300514,631,Republican,36.86
Kansas,-0.33538434457086475,2659,Democratic,37.59
Michigan,0.581758910090978,3070,Republican,67.32
Michigan,-0.1461358401724363,4147,Republican,59.89
Connecticut,-0.9237731567299131,1798,Democratic,42.3
Maryland,-0.28124277258560254,3882,Democratic,56.98
South Carolina,0.6510005395532749,624,Republican,67.38
Wyoming,-1.0755405972610916,931,Democratic,43.14
North Carolina,-0.02251161678864832,575,Democratic,53.58
Illinois,-0.14904285206664644,4107,Democratic,56.27
Wyoming,-0.2185348219837776,3464,Democratic,54.22
Wisconsin,-0.24795679298282916,2046,Democratic,53.18
South Carolina,0.10948719062295023,3202,Democratic,55.14
Wisconsin,0.1532672598633865,3019,Democratic,31.67
West Virginia,2.5916149944611933,3010,Democratic,66.33
Tennessee,-0.7633448183337227,2655,Democratic,67.82
Missouri,1.3443618541338047,621,Republican,68.37
Washington,-0.37670288641554156,2944,Democratic,52.65
Pennsylvania,-1.380962575040873,2850,Republican,47.57
Texas,-0.6568948525348438,1274,Republican,42.68
Vermont,0.17402255144836856,3062,Republican,41.91
Missouri,1.1280277619476564,4682,Republican,67.44
Missouri,-0.06883257588707423,916,Republican,39.81
Michigan,0.6234224805574143,4580,Republican,45.24
North Dakota,0.7046649676383091,3183,Republican,37.07
Alaska,-0.8629132430240749,2249,Republican,31.73
Arizona,-0.338632081686979,1326,Republican,42.54
Washington,-0.177572426985735,932,Democratic,42.56
Arkansas,-1.4211341116624052,4262,Democratic,36.62
Nebraska,-0.08008633841255408,1755,Democratic,50.92
Ohio,-1.6562980087190473,2064,Democratic,56.03
North Dakota,-0.10304888751199856,2544,Republican,55
North Dakota,0.7943067843844334,2471,Republican,51.06
Georgia,0.7316533278771613,4123,Democratic,40.68
Georgia,0.03608810558567736,2117,Republican,44.91
Wisconsin,-1.0110206259266217,4845,Republican,62.32
Louisiana,0.4215914184642179,4923,Democratic,55.19
South Dakota,1.1748631549071842,2033,Republican,52.69
California,-1.7893147555106013,981,Democratic,57.65
Florida,0.04509125989114869,4245,Democratic,56.98
New York,-1.1804913515818334,2736,Democratic,44.66
California,1.0924493266367308,2007,Democratic,59.88
New Jersey,0.7276605138619686,1336,Democratic,59.09
Utah,0.753302969327608,4392,Democratic,41.81
Oregon,-0.37292223351944004,2397,Democratic,43.31
California,0.8420958056553871,1654,Democratic,45.85
North Dakota,0.43172573092760236,701,Republican,60.52
Michigan,-0.2738698744247637,2513,Democratic,39.42
North Carolina,-0.4894427004783054,3450,Republican,37.94
Missouri,0.06478015724014992,3915,Democratic,55.16
Wisconsin,0.7392002939465834,2793,Democratic,39.58
Ohio,0.6106590553705361,4657,Republican,51.13
Indiana,0.21676529392354815,907,Democratic,32.87
Georgia,-1.1630881719014243,2279,Democratic,46.23
Colorado,-0.33607870706760407,1960,Democratic,60.83
New Mexico,-2.503910317359246,3291,Republican,50.77
New Hampshire,-2.412494227580802,3567,Democratic,46.18
Alabama,0.23996398901665475,4788,Democratic,37.39
Indiana,-0.4346389641826667,4763,Democratic,47.87
Michigan,1.0059258706680956,4952,Republican,54.33
Maryland,-1.0211129561827246,2182,Democratic,39.06
Rhode Island,-1.0578460089435755,1656,Republican,47.16
Missouri,0.487368971604641,670,Democratic,41.42
Arkansas,0.7326158371119347,3866,Democratic,49.46
Montana,0.6317811100513988,2897,Republican,59.54
Minnesota,-0.2665155019435536,767,Republican,30.54
Washington,-1.4598554779340207,4954,Republican,57.03
Arizona,-1.2914374144995866,3129,Republican,49.37
New Mexico,-0.03716815180400973,2420,Republican,54.41
Maryland,0.7393085499652583,2795,Republican,39.25
Georgia,0.02305937378751179,1287,Republican,44.62
Virginia,0.07173453972882478,2957,Republican,42.43
Oklahoma,-1.1157824493040058,1169,Democratic,34.36
Michigan,0.2583288971490445,4217,Democratic,47.21
Michigan,0.31617651430781224,2822,Democratic,69.36
Maryland,-0.6261736493399843,1145,Republican,63.65
Michigan,0.8535592591164106,1211,Democratic,58.64
Georgia,-1.131384893016825,2829,Republican,37
South Carolina,0.32976075026488605,2227,Republican,32.58
Alaska,0.46374137959155864,4734,Democratic,34.37
Ohio,0.3320526197436803,3797,Republican,69.03
Oregon,0.9050859447191506,2965,Democratic,40.85
West Virginia,-0.4741028036467715,1523,Democratic,43.57
Kansas,0.08366557497238661,970,Republican,45.94
Mississippi,-0.8414251344565544,3790,Democratic,61.82
Ohio,-0.09527609801103677,1176,Democratic,69.04
Louisiana,-0.6098192938813276,3105,Democratic,64.94
Indiana,0.9459847521325774,2436,Democratic,47.46
Michigan,-0.499480482141727,1955,Republican,62.01
Maine,-0.14734679617434615,2857,Republican,37.55
Minnesota,-0.3732137408645185,1357,Republican,32.4
Vermont,-0.08753832489332798,1033,Republican,66.3
Nebraska,-0.4527549141419825,4899,Democratic,69.29
Alaska,1.3336383450007514,2891,Republican,66.33
Mississippi,-0.8578555444998349,505,Republican,38.43
Arkansas,-0.7233004911028325,1391,Republican,43.84
Washington,0.6335149171951551,2636,Republican,43.81
Ohio,-0.03465994773791746,972,Democratic,63.2
Nevada,0.0037307145454728353,1692,Democratic,55.64
Oregon,0.15532202471732132,1431,Democratic,46.27
Arizona,-0.041605444251478045,2283,Republican,47.89
Connecticut,-0.07902740702014169,524,Republican,39.91
Maine,-0.34495788447725917,3606,Democratic,34.72
Maine,0.682439535888756,1387,Republican,45.73
Maryland,-0.2578629021402059,1665,Democratic,61.5
North Dakota,0.9031199723051551,4160,Democratic,67.11
Nebraska,0.6212726618364756,4650,Democratic,34.24
Wisconsin,-0.8109754528225713,4394,Republican,61.38
Louisiana,0.4912385353790549,1025,Democratic,58.06
Louisiana,0.825662068844,1742,Republican,39.35
New Hampshire,0.27715301813229337,4791,Democratic,41.99
Hawaii,0.3460222516758267,3197,Democratic,52.72
Michigan,-0.7466397904398471,2767,Democratic,55.55
Ohio,-1.885061153739693,2362,Republican,31.19
New Mexico,0.3722686264372823,3828,Democratic,33.87
Idaho,-1.6175857626599839,1411,Republican,60.87
Utah,0.9655324614522399,3510,Democratic,42.72
Missouri,-0.7093679714733189,1709,Democratic,62.79
Missouri,1.0956762346372002,4979,Democratic,35.07
West Virginia,-0.009816240373478904,2690,Democratic,41.56
South Carolina,-1.371794791381825,3153,Democratic,58.51
South Dakota,1.4820550975683613,3042,Democratic,52.33
Tennessee,0.3493583449477853,3663,Democratic,56.82
Minnesota,-0.2740404629950593,786,Republican,48.19
Hawaii,-0.6433500262439473,3540,Democratic,68.03
North Dakota,0.060854891098763554,2851,Democratic,62.38
Alabama,-0.911764352343881,3302,Republican,53.77
Wyoming,0.16517180804300138,3007,Republican,67.1
Maine,0.7394587505377933,1242,Democratic,31.99
Georgia,0.856857059393278,2500,Republican,56.85
Arkansas,1.654283417926803,2548,Republican,30.29
Wyoming,-1.0394652384428476,4698,Republican,31.65
Hawaii,1.3677103853140435,1065,Republican,67.76
North Dakota,0.48294115318532793,3102,Democratic,30.1
South Dakota,-0.34250470861916843,4460,Republican,55.49
Hawaii,0.7873544194655162,4844,Republican,68.18
Arkansas,1.0700716204326162,4779,Democratic,56.8
Minnesota,0.25932698606272964,1466,Democratic,44.73
New Hampshire,1.3051518624124507,3262,Republican,58.21
Oklahoma,-1.592176831095466,4815,Democratic,41.91
Massachusetts,-0.7717362612290815,2224,Republican,48.59
Connecticut,0.27893843101307925,3263,Democratic,52.63
Maine,-0.6710959489291337,3053,Democratic,51.72
Rhode Island,1.0163058252774362,3691,Democratic,61.72
New York,-0.43188825814424797,1232,Republican,55.82
Maryland,-0.54764992078392,4163,Democratic,44.59
California,-1.8044212107535582,3812,Republican,43.18
New York,-1.3238226182123407,605,Republican,60.17
Iowa,2.09776575298501,4385,Republican,41.49
Oklahoma,-0.5795035043685921,1116,Democratic,45.09
Arkansas,-0.15413371480933996,4483,Republican,38.13
Alabama,0.543331148283117,1591,Republican,64.02
Oklahoma,0.012105905485419552,1215,Republican,39.67
Minnesota,0.16895134165661105,4733,Democratic,37.79
Tennessee,-0.4122733448464618,1932,Democratic,33.69
Michigan,0.17511344888416164,731,Republican,44.47
Oklahoma,-0.3255349064124334,1023,Democratic,67.06
Virginia,-0.030537736105637297,2226,Republican,49.03
Michigan,1.256274889682988,4834,Republican,64.5
Kentucky,1.7374345633798223,3850,Republican,56.91
Maine,-1.449778814004283,1314,Republican,66.39
Florida,-0.2787262305887584,2819,Democratic,55.18
Iowa,1.3415384845177314,4268,Republican,67.77
Connecticut,0.23078136988860518,3598,Democratic,34.97
Arkansas,-1.2383821837111895,2227,Republican,36.05
Ohio,0.2104667985208495,4274,Democratic,32.64
Washington,-0.39293028680551345,616,Democratic,35.34
Mississippi,-0.7367487783793554,3300,Republican,34.57
Michigan,0.47592067006631616,996,Republican,38.06
Minnesota,-0.18553004605551285,3849,Republican,53.34
South Carolina,0.7372428593577015,1500,Democratic,61.02
North Carolina,-0.20401393853043504,3104,Democratic,38.14
Florida,-0.42061409082861656,1580,Republican,37.73
Nebraska,0.24918489965666293,1343,Republican,57.41
Colorado,0.010459081473031127,3957,Republican,63.43
Wisconsin,-0.16089627413497531,1597,Republican,69.8
Colorado,0.3375557092887072,4354,Democratic,49.16
Virginia,0.6014899455353915,4367,Democratic,59.28
New Jersey,0.060054386636873784,875,Democratic,64.39
Wyoming,-0.5670340789927983,1947,Republican,51.24
Colorado,0.4237447627410939,3347,Democratic,42.55
Minnesota,-0.9628308817987052,2894,Democratic,60.16
Florida,0.5152081123591694,594,Democratic,62
Texas,-0.49230370943837115,1309,Republican,52.08
South Dakota,1.0857672821806932,2651,Republican,41.69
Colorado,-0.2247295721635906,3899,Democratic,37.44
New Hampshire,1.2601483436184122,509,Republican,42.72
Nebraska,-0.29092847839713126,4445,Republican,35.44
South Dakota,-0.6600835009203929,2976,Republican,66.14
Maryland,-0.2527267449010966,2494,Democratic,50.14
Wisconsin,-1.0332086033413572,2120,Republican,40.58
Oregon,0.4344968040344327,2112,Democratic,64.36
Maine,-0.942989070553045,3328,Democratic,35.13
South Dakota,-0.9090158520913199,3977,Republican,69.94
Arizona,-1.3782412736759353,1266,Republican,54.61
Kentucky,0.7977292024455933,3173,Democratic,57.11
North Carolina,-0.9786589660736662,1424,Republican,32.45
Colorado,1.299949108545632,717,Republican,62.39
Maine,-0.15000998151553868,2408,Democratic,53.71
Connecticut,0.19107453107183386,4771,Democratic,62.12
Nebraska,-0.7820370702588689,3868,Republican,47.28
Vermont,1.1580062626167626,831,Republican,55.18
Maryland,-0.014392869309451188,820,Republican,36.5
Arkansas,-0.29994577838759906,4947,Democratic,63.69
Iowa,-0.4717778005393494,3520,Democratic,58.64
New Mexico,-0.09004266096650207,4045,Democratic,40.11
Alabama,0.8845402567851166,852,Republican,39.04
Montana,1.222714257808322,4992,Democratic,30.33
Connecticut,0.3546198678674577,2508,Republican,35.84
Delaware,-0.07594568823040287,4433,Democratic,42.56
Texas,0.7678685342214758,2264,Democratic,65.44
Massachusetts,-1.2357387680950012,1157,Democratic,48.83
Washington,2.4064262445321547,1139,Republican,49.21
Iowa,1.8643475083145316,2040,Republican,39.24
Wisconsin,0.08379505529183232,2529,Democratic,68.46
Wyoming,0.4611003994974519,4413,Republican,44.63
Kentucky,-0.5364437590867944,1957,Democratic,41.5
Washington,-1.2425996219419353,4785,Democratic,68.83
Kentucky,1.2541235577188081,4924,Republican,62.96
Minnesota,-1.486102194496452,1376,Democratic,44.02
Maine,1.2629761469134675,2602,Democratic,60.38
Colorado,-1.0731657108509147,2970,Republican,53.18
Idaho,-0.4183787077267572,737,Democratic,67.48
Pennsylvania,0.9864778030389418,4783,Republican,30.42
California,2.281259813322136,1072,Democratic,47.36
Nebraska,0.42468577300276894,2267,Republican,60.94
Connecticut,-0.8259057447238766,4193,Republican,50.5
Vermont,0.044599214580093874,583,Democratic,56.14
Kansas,-1.0455428756794216,2011,Republican,68.89
Mississippi,-0.3793589760863219,3199,Republican,36.74
Maryland,1.2922692703811793,1046,Democratic,63.31
Wisconsin,1.541270982079087,4781,Democratic,52.17
Montana,1.0399228931551279,3067,Republican,56.62
New Mexico,0.15177229814462592,3028,Democratic,56.79
Mississippi,0.05086292544162912,4346,Democratic,57.63
Iowa,-1.3272078860549623,4156,Republican,66.35
Hawaii,-0.8302048079144098,1179,Democratic,34.65
South Dakota,0.40180344156197234,3286,Republican,63.43
Maine,-0.2846527752025194,3775,Republican,49.73
Alaska,0.5679891528675053,2467,Republican,59.2
California,-0.9092472124413956,1713,Republican,47.26
Texas,-0.28954703275766697,3272,Republican,54.4
Hawaii,0.94258719204329,2298,Republican,46.38
Vermont,0.34252326885157564,4790,Republican,36.55
Alaska,-0.18491018408389376,4669,Republican,68.63
North Dakota,-0.5350289437208456,2736,Republican,40.11
Washington,0.49809245572513444,2262,Democratic,47.89
Minnesota,-1.359113076776861,3421,Republican,58.32
Mississippi,1.0517014447455364,3754,Republican,34.61
Ohio,-0.9271262660456809,2673,Democratic,39.73
Indiana,-0.40151486074200854,4018,Republican,31.26
Maine,0.05374392978015671,3199,Republican,37.14
Illinois,-1.6035726618379431,3430,Democratic,49.49
Wyoming,0.6995889669132676,4176,Democratic,38.23
Indiana,-0.43109703330079363,1123,Republican,37.02
Kentucky,0.6645793109452252,2884,Republican,61.41
Florida,-1.7184334808013195,3879,Republican,60.49
Missouri,1.182101487592924,3881,Republican,67.68
Washington,0.40094308954443036,3479,Republican,33.95
Tennessee,0.27769598371017995,4807,Democratic,32.21
Massachusetts,0.5040464629567003,4906,Democratic,45.35
Texas,-1.580882336759135,1134,Republican,69.53
Rhode Island,3.2069069968088764,4330,Republican,66.19
Arizona,0.42694680940507723,1437,Democratic,38.85
Oregon,-1.4026322795670325,4168,Democratic,33.19
Texas,0.2510579954423101,2077,Republican,42.83
Connecticut,0.20364921431900884,1909,Democratic,55.18
Oklahoma,1.0439382878171395,1559,Republican,38.78
Utah,0.28390750888751315,3962,Democratic,37.3
Kansas,-1.0381015903505617,4228,Democratic,61.07
South Dakota,-1.4633025087111275,1897,Republican,41.88
South Carolina,-1.746550332095848,1716,Republican,36.65
Ohio,0.8888797407402007,578,Republican,62.43
South Dakota,0.15519838311848602,2742,Democratic,45.72
Alabama,0.04375620251817454,3282,Democratic,40.93
Ohio,-0.02388419692500593,3367,Republican,53.74
Maine,-1.5528676289751482,2734,Democratic,35.04
Georgia,0.5863092693794688,1059,Democratic,44.38
North Carolina,0.0374760115035308,4717,Democratic,30.01
Connecticut,-0.05349896667477233,4272,Democratic,46.17
Connecticut,1.5990609198068004,2836,Democratic,55.02
Iowa,-1.9184119023341033,1290,Democratic,58.98
West Virginia,-0.38766062437580584,4902,Democratic,57.84
Iowa,-1.303722985542497,4378,Democratic,53.3
Maine,-0.3931928453092272,2601,Republican,60.78
Tennessee,-1.8558397882138093,1955,Republican,38.79
Minnesota,-0.04391452127603591,2485,Democratic,36.89
Oregon,-1.4568722319313665,3654,Republican,44.17
Colorado,0.6252446365875581,4003,Democratic,67.87
Oklahoma,-0.5003717268719339,1010,Republican,35.24
Utah,-0.0728042349842501,4889,Republican,33.85
Illinois,-0.35281990892512793,3496,Republican,43.89
New Hampshire,1.2589503592174307,577,Republican,61.87
North Dakota,-0.41160609178860197,1424,Democratic,32
Washington,-1.1027651012488295,3820,Republican,53.67
Nebraska,0.11172240662741746,4936,Republican,63.92
New Jersey,-0.2910483635995722,1046,Democratic,30.53
Ohio,0.1274757218788398,2378,Republican,61.86
Rhode Island,0.961083908236421,2210,Republican,56.72
Mississippi,0.7380631363236488,3677,Republican,37.09
Idaho,0.5104386802554963,1485,Republican,51.06
Vermont,0.9614366315410011,4275,Democratic,37.96
California,-0.46806170698202193,3374,Democratic,45.4
Minnesota,-0.9024283036589825,4085,Democratic,41.8
Illinois,-1.0883300790599835,4016,Democratic,57.28
New York,-0.5259720100592599,3222,Democratic,65.16
Florida,-1.518341855816069,1170,Democratic,38.46
Delaware,0.24058386454275388,3597,Democratic,30.38
Nevada,0.06512412306118408,3440,Republican,51.57
Hawaii,0.1669607195141897,3604,Democratic,49.58
South Carolina,-4.830567103474428e-4,3799,Republican,33.35
Illinois,0.9873469607666006,4641,Democratic,50.1
Maine,0.7209316137645441,1486,Democratic,41.45
Connecticut,-0.514781517876639,1364,Republican,47.78
Idaho,-0.7925276211052648,1473,Democratic,50.74
Delaware,-0.8174234311754345,2203,Republican,53.34
Iowa,0.9337417512702927,2470,Democratic,30.16
Arizona,2.4574606315722924,784,Republican,59.21
North Dakota,-0.4301814726523301,4192,Democratic,37.89
Minnesota,-0.2159808198045414,3463,Democratic,61.81
New Hampshire,-0.029089802052799853,1601,Republican,54.89
Idaho,-1.7185182632861986,4216,Republican,59.37
Arizona,0.15419306738715116,3850,Democratic,44.71
California,0.2587112005438002,1778,Democratic,57.5
Nebraska,0.8404767647744554,4222,Republican,39.62
New Mexico,0.2593150473131475,900,Republican,59.84
West Virginia,1.2188651718370536,4239,Democratic,37.64
New Hampshire,-0.027391666188917516,2132,Republican,39.2
Utah,0.34394866615430225,1472,Democratic,65.39
Indiana,-0.7064261197673238,3135,Republican,65.59
New Mexico,0.709944083165003,3971,Democratic,51.87
New Hampshire,0.08858305037839596,1744,Democratic,32.34
Kentucky,-0.3503203458292976,878,Republican,51.45
Oregon,-0.9411660743612797,4621,Democratic,68.61
Indiana,0.8120379421829975,726,Democratic,66.85
New Mexico,-0.43074363225329926,2761,Republican,38.23
Georgia,-0.6256136832608619,2898,Republican,30.46
Kentucky,-0.7195816303052759,4246,Democratic,69.74
California,1.5129669401405148,3152,Democratic,48.07
Rhode Island,1.0892396379276128,2124,Democratic,31.83
North Carolina,-0.7643676663768038,2710,Republican,30.63
Alaska,1.9500979942986962,3694,Democratic,41.22
Kansas,2.5212818126276053,2930,Republican,55.95
Kentucky,1.8184490421110744,2682,Democratic,48.47
Tennessee,-0.6686948817070171,3764,Republican,42.03
Iowa,1.7879044142272646,4795,Republican,68.2
Georgia,1.4109557680292026,2106,Republican,66.35
Rhode Island,1.4115766584231757,1787,Republican,39.91
Kentucky,-1.4008840899325843,786,Democratic,69.23
Wisconsin,-0.32958416252935435,1089,Democratic,57.58
Illinois,-0.22706508164369563,3860,Democratic,34.64
Ohio,0.7046669306797144,2403,Republican,48.89
South Carolina,2.1948796531102492,1313,Republican,69.19
Utah,1.0188841563418918,1101,Democratic,64.73
Ohio,0.5635042721171124,3548,Republican,68.29
West Virginia,0.46718456354195986,3066,Democratic,59.82
Utah,-1.0193146987379642,2844,Republican,67.77
Maine,-0.24380986168249147,4917,Republican,46.8
Connecticut,-1.4394375618887594,1256,Republican,57.19
Indiana,-1.243416045350068,4803,Republican,61.42
Ohio,1.3939535521671045,1077,Democratic,33.03
West Virginia,-0.48821264811301945,1156,Republican,54.18
Wisconsin,1.984321610481949,4661,Republican,59.33
Nevada,-0.7402992231990078,3870,Republican,36.64
Maryland,-1.0605859060939506,3879,Republican,55.46
Oregon,0.03608936918539878,2642,Republican,65.99
Maryland,-0.3467342058790189,2567,Democratic,67.28
Texas,0.6059843339385779,3895,Republican,46.36
Rhode Island,0.4116877406715373,1017,Republican,63
South Dakota,0.9537398755398737,1866,Democratic,53.65
Massachusetts,0.9148013749399673,3507,Democratic,49.94
Oregon,0.06634037260023978,1250,Republican,59.82
Montana,0.5443256760043791,4122,Democratic,34.57
New Hampshire,-1.6554799159556128,3038,Democratic,35.2
Vermont,-1.3864056944106027,2272,Democratic,34.61
South Carolina,0.7846671123470639,1205,Republican,68.85
Kansas,1.0607560155508473,1219,Republican,60.1
Kansas,0.3002190985732587,1584,Republican,48.65
Delaware,1.3490542554067495,1482,Republican,50.16
Maryland,1.0372099152992198,3003,Republican,50.21
Indiana,0.8745651078084118,4536,Republican,43.3
Connecticut,1.1555221609442208,846,Republican,40.2
Connecticut,0.17224155351752835,1747,Democratic,66.29
Hawaii,-1.0970429879558035,2857,Republican,55.07
Kansas,-0.20725247609199982,3013,Democratic,32.08
Alabama,1.6288837060489127,1180,Republican,54.6
North Dakota,1.1630104346619434,4447,Republican,61.56
Utah,-1.5206583047452649,941,Democratic,34.79
Wyoming,1.2839137454743814,652,Republican,53.31
Massachusetts,-1.495614782462528,2079,Democratic,67.41
Wisconsin,-0.67410320701764,667,Democratic,54.92
Massachusetts,-0.5824655713455209,2114,Democratic,39.15
Tennessee,0.16548703201517748,2044,Republican,66.28
Ohio,-0.6798396323426388,1410,Republican,50.77
Ohio,-0.5131678097067462,1535,Republican,59.9
North Dakota,0.7208572491548777,1376,Democratic,59.26
Louisiana,1.5877393531131354,636,Republican,56.13
Nebraska,-0.5606600591282569,1515,Republican,63.23
Louisiana,2.6331920286524877,2549,Republican,69.9
Georgia,-1.4010409745176344,556,Republican,49.21
Arkansas,-1.6444841028117962,1260,Democratic,61.68
North Carolina,-1.4575500857784789,890,Democratic,54.97
Indiana,2.0832380697526314,4366,Republican,32.08
Illinois,1.1656840509726796,3699,Democratic,31.03
Delaware,0.3793558272339414,1797,Democratic,60.49
Iowa,-0.40210097911658255,3357,Republican,43.61
Massachusetts,0.5463157577667714,3502,Republican,46.78
Kansas,0.6200235526457897,3513,Democratic,68.86
Wyoming,3.0568391710615734,3943,Republican,37.03
North Dakota,-2.2552212015627293,4704,Democratic,58.46
Wisconsin,-0.23472260856425164,4327,Republican,69.09
Delaware,0.09679671148319217,809,Republican,41.89
Oklahoma,0.8489960249720422,4296,Republican,45.13
Arkansas,0.6437512843135508,3000,Republican,41.71
Rhode Island,0.5841658745919487,3279,Democratic,52.43
Tennessee,-0.15904544156965125,1095,Republican,40.93
New York,0.7455169709229389,3862,Republican,58
New Mexico,1.1320212536833485,2323,Democratic,31.38
Wisconsin,-0.9595512389920893,918,Democratic,41.52
South Carolina,-0.6721554795533748,4257,Republican,58.78
Oregon,0.24724210462127907,3123,Democratic,47.11
Washington,0.4795329419623195,1150,Democratic,36.54
Oregon,0.9410885600839907,3066,Democratic,49.82
Delaware,-0.37116008701032893,2398,Democratic,48.49
Mississippi,-1.9893103635136102,4969,Republican,38.38
Florida,0.847945407165975,688,Republican,56.55
Oklahoma,0.9415074629585602,2951,Democratic,56.74
Colorado,-0.6036729601546381,2875,Democratic,39.35
Utah,1.2712900477742808,503,Republican,59.99
Louisiana,1.2885627649141294,1865,Republican,37.14
Oregon,-0.4294497120627429,1689,Democratic,35.31
Michigan,-1.2777079806998766,703,Republican,52.1
Nebraska,-0.007603913225805425,2109,Democratic,59.99
Oregon,0.29339702743908136,4611,Republican,48.96
Pennsylvania,2.0752349759983217,4059,Republican,44.65
Wyoming,1.0583897264285411,1222,Republican,65.69
Connecticut,-0.6733290658145321,1472,Republican,39.21
North Carolina,-1.1862368032083508,1340,Democratic,56.28
Mississippi,0.10435523136065708,4707,Democratic,47.12
West Virginia,-0.2433352288136221,4404,Democratic,69.33
Nevada,0.48905923545498264,1223,Republican,50.27
Illinois,0.12028700172809144,3498,Democratic,42.7
Indiana,-0.977838568483938,3449,Republican,49.37
Wisconsin,0.6416485651441068,4173,Democratic,39.44
Minnesota,-0.5660919885269508,3446,Republican,65.25
Montana,-0.31171810905969005,1751,Democratic,35.92
Georgia,0.7699584358318268,3747,Democratic,39.23
Maryland,-0.6638601461152667,4831,Republican,46
Iowa,0.7172452863670582,3380,Democratic,55.87
Washington,-0.16509892190929518,857,Republican,65.64
Washington,-1.0358250149537458,3768,Democratic,30.08
Wyoming,0.5272985991926795,3854,Republican,62.73
Ohio,-0.4714775873956144,1585,Republican,50.56
North Carolina,0.5517687675746269,4439,Democratic,55.04
Pennsylvania,-0.23204435889024516,506,Republican,33.61
Montana,-0.024466949041108636,1549,Republican,64.64
Rhode Island,0.31453735430962754,3913,Republican,47.9
Nevada,-0.03454650913869807,3605,Democratic,48.26
New Mexico,0.3743513678760444,978,Democratic,39.98
Mississippi,-0.03685090708678085,737,Democratic,39.15
Nebraska,-0.914588004794738,1324,Republican,39.83
Georgia,-0.7581198679776406,2969,Republican,40.25
Idaho,-1.8214585469076618,3171,Republican,44.05
Missouri,-0.7217445107924572,2050,Democratic,49.39
Louisiana,-0.1525146925932079,1652,Republican,41.66
Michigan,-1.1477600480577692,3663,Democratic,35.36
New Jersey,0.34927631284308075,2061,Republican,50.44
Vermont,0.15760500713748027,3680,Democratic,49.37
Iowa,1.4340994034189234,864,Democratic,66.39
Alaska,-0.6690872893989,1338,Democratic,48.95
Kentucky,-0.17154012710438593,2183,Republican,49.8
New York,-0.26856394965414965,2170,Democratic,54.37
Massachusetts,0.7684467023729104,3425,Democratic,69.58
Rhode Island,0.9222981419742053,4088,Democratic,59.42
Colorado,-0.5991270994344337,4272,Republican,69.08
Florida,-1.0242421456732964,4417,Republican,36.11
Mississippi,-0.41911475041469737,925,Democratic,46.63
Alabama,1.1382639511445893,4553,Democratic,35.26
Hawaii,-1.8650742984744793,4004,Democratic,34.6
Arizona,0.9108529889674216,3554,Democratic,59.13
Maine,1.1147187075127456,2916,Republican,57.69
Pennsylvania,-1.130846844939131,3270,Republican,62.65
Rhode Island,-0.6759515694299721,3655,Republican,45.35
Wyoming,-0.9239881287163312,1713,Republican,52.74
Washington,0.08668217961021478,1425,Democratic,32.06
Florida,-0.05162798572737228,1115,Democratic,45.87
South Carolina,1.7261388423174189,1872,Democratic,57.97
Georgia,-1.0533088262728398,2627,Republican,45.93
Vermont,0.40956186167350683,4491,Republican,33.18
New York,0.7985988239828139,2647,Republican,52.79
Nebraska,-0.5277207949222579,1715,Republican,34.44
Ohio,-0.37332580338506344,2941,Republican,51.92
Washington,-0.03869884380268315,3052,Republican,38.82
Arizona,-1.559563031300377,2246,Republican,33.14
Mississippi,0.9304724106639838,4589,Democratic,47.06
Arizona,1.3599982567677042,1791,Republican,38.42
Louisiana,-0.9340087387424316,936,Democratic,32.47
Alaska,0.9206903793073061,4666,Republican,39.86
Colorado,1.4273070216409096,3751,Republican,62.67
Idaho,0.2906114787613876,2021,Democratic,48.65
Virginia,0.42157916734254075,2138,Democratic,65.06
Mississippi,1.3302344401583008,4244,Republican,58.96
Missouri,0.23308528211185062,4220,Democratic,54.44
Connecticut,-0.2746104432145727,4637,Republican,57.75
Alaska,1.6966480689032426,4793,Republican,65.35
Wyoming,-0.27883657520954447,1023,Democratic,50.11
Ohio,-0.8457612358229506,4166,Republican,67.61
Kentucky,-2.4229389134965515,1388,Democratic,52.2
Kansas,0.5895775164359228,2043,Republican,45.18
Ohio,1.0451908403432304,3970,Republican,30.9
Maryland,1.9676905065068273,2568,Republican,48.34
Arizona,-0.31470123958389856,2162,Republican,54.18
Washington,0.026776655166923714,4553,Republican,68.18
New Mexico,-1.3093334334132154,848,Republican,65.42
South Dakota,1.0290894296872835,2682,Republican,66.52
Alaska,-0.39830779198710753,825,Republican,47.75
Tennessee,-1.1935926294732166,4975,Republican,58.98
New Hampshire,0.03273778258491884,1737,Democratic,65.74
Nebraska,0.029593569664992006,947,Republican,54.48
North Dakota,2.6929048664367086,2557,Democratic,51.39
Oregon,-1.7283105750416607,774,Republican,67.63
Kansas,0.2748925463691729,804,Republican,56.48
Texas,-0.368422352392233,2085,Republican,33.08
California,-0.05557954321613882,1497,Republican,46.86
Nebraska,-0.09947515279077891,539,Democratic,41.66
Hawaii,-0.3501291922009317,2329,Democratic,37.64
Nebraska,0.0013982360716280633,4523,Republican,43.66
Wisconsin,-0.22788867202313934,3984,Republican,46.96
Tennessee,0.2097458047122846,3017,Democratic,38.61
Texas,-0.17673664874803696,4137,Democratic,54.86
Kentucky,-0.6273288984501304,2081,Democratic,53.45
Nebraska,-0.6142184501911873,4284,Democratic,31.63
Maryland,-0.7159624149042978,3420,Democratic,63.05
Nebraska,0.21200587237397472,891,Democratic,48.82
Oregon,0.37685554734890997,519,Democratic,44
Delaware,1.1025704452481742,3118,Republican,69.06
Florida,-0.43314149913015976,743,Democratic,55.05
Delaware,2.7128222578837256,2509,Democratic,37.39
Wyoming,0.18022960574280975,3963,Republican,54.2
Vermont,-0.30935941550972157,1472,Republican,39.74
California,1.1949957506243762,625,Democratic,62.03
Oregon,1.02042001932654,3571,Democratic,35.59
Tennessee,0.9518910451797739,612,Republican,51.79
Mississippi,-0.3459708660976639,1957,Republican,41.9
Michigan,1.160364179807426,3524,Democratic,43.1
South Carolina,-0.07954743991955637,2624,Republican,62.45
Iowa,-0.4504701358673591,2890,Democratic,42.16
Connecticut,1.344723939267607,1337,Democratic,49.27
Nebraska,-0.12490174325703278,720,Democratic,30.28
Iowa,0.09792197105655288,735,Republican,30.58
North Carolina,-1.2507928006258922,3664,Democratic,54.66
Minnesota,-0.5487750943150945,812,Republican,40.26
Illinois,-0.7876951160373924,4164,Republican,62
New Jersey,-2.352016540268481,573,Republican,48.49
New York,-1.2107663111601017,1130,Democratic,37.32
Minnesota,0.5215558942318725,2544,Republican,62.72
Louisiana,0.12857228015535052,3173,Republican,44.04
West Virginia,-0.4173401196315122,4944,Republican,50.63
Oregon,0.5576732493965014,1596,Democratic,35.92
Rhode Island,-0.1856094202616282,4170,Republican,61.34
New Mexico,1.0530192717879172,3570,Democratic,52.11
Utah,-0.9424991547033588,1305,Republican,59.19
Georgia,-0.2916105192829622,725,Republican,50.12
Connecticut,-0.6781648352102875,1308,Republican,49.31
Pennsylvania,-0.2411516649937387,4067,Republican,52.54
Arkansas,1.0027397076978268,644,Democratic,61.68
Pennsylvania,0.1229660808345114,3191,Democratic,57.25
Indiana,0.0072718952053988355,4092,Republican,55.88
California,0.8589716992523849,1797,Republican,58.22
Wisconsin,0.30840393135100597,2449,Democratic,55.75
Oregon,-0.3858506155831305,4694,Democratic,36.68
South Carolina,1.142518820732154,4927,Republican,66.66
Massachusetts,-0.12682792308972848,3436,Democratic,56.09
Wisconsin,0.829973658748174,2647,Democratic,36.44
Hawaii,1.3889964946471953,3888,Democratic,48.52
Delaware,-0.13483813700646127,3887,Democratic,56.51
Indiana,0.6027420943289851,2888,Republican,65.18
Wyoming,-1.2364013721549294,2748,Republican,40.59
Oregon,-0.8069756051754303,605,Democratic,56.02
Oregon,-0.3807382516890168,1260,Democratic,32.8
New Mexico,-0.24840597974052814,4072,Democratic,40.63
Montana,0.14013889127821114,2692,Republican,55.66
South Carolina,0.521610473654286,4892,Democratic,41.72
New Mexico,0.49345782645055036,2001,Republican,57.89
Missouri,-0.9498235944562549,3310,Republican,45.9
New York,-0.36794933730700113,2504,Democratic,50.55
Delaware,1.0071776149434624,4606,Republican,40.61
Wyoming,-1.2226220113886095,3625,Democratic,48.07
Georgia,0.3866243109754033,4407,Republican,46.38
Arkansas,-0.3478084111893858,540,Democratic,47.6
Idaho,0.955580593446791,1766,Republican,62.44
Illinois,0.030563585223376516,4331,Democratic,48.78
New Mexico,0.5391764640650336,741,Republican,49.74
Alabama,0.8522780112192441,3974,Democratic,58.36
Maryland,1.1731639878175797,4531,Republican,38.89
Maine,-2.4861816027367425,4963,Republican,61.95
Oregon,-0.4448266266408942,2700,Republican,35.95
Maine,0.5530252132121286,3822,Republican,51.98
Idaho,-0.1642718281246935,4917,Democratic,67.98
Alaska,3.227110098946768,4175,Republican,41.95
Connecticut,1.180587848239816,2191,Democratic,43.72
New Jersey,0.6780234347375891,4084,Democratic,53.25
Illinois,0.5369404806230494,1113,Republican,56.13
Pennsylvania,-0.8120680555122479,1919,Republican,44.68
Alabama,0.805366277310503,4309,Republican,45.81
Hawaii,-0.4289138618028661,4619,Republican,59.22
Alabama,0.8198565670946684,3378,Democratic,40.01
West Virginia,-0.2338350947134796,1753,Democratic,56.36
Colorado,-0.2339722803380389,4100,Democratic,36.43
Utah,0.9118844549791114,3417,Republican,49.08
Indiana,0.13487337206864544,4269,Republican,43.69
New York,-1.6467369322466938,690,Democratic,51.92
Missouri,1.0070677910732921,3976,Democratic,51.98
Hawaii,-0.13135444399387255,4438,Republican,38.96
Delaware,-2.2484897203821284,2663,Republican,40.93
North Dakota,1.6181676718465836,4929,Republican,30.47
Hawaii,0.4085261703076164,2656,Republican,33.24
New Mexico,2.300647959842788,2880,Democratic,42.04
Florida,-0.7510653110978494,4892,Republican,35.49
Wisconsin,1.6207020435939739,4628,Democratic,56.05
Idaho,0.6873478439812223,3613,Democratic,61.4
Indiana,0.38638472669266805,2601,Republican,58.42
Vermont,0.1594573594094625,2242,Republican,56.57
Delaware,-0.9289670142447773,736,Republican,62.89
Indiana,0.2510566280310877,877,Democratic,53.64
Missouri,-0.15777927603237651,2023,Democratic,65.45
Connecticut,0.2841290481822604,1545,Republican,59.25
New York,-0.027130363096663706,4739,Democratic,44.06
Alabama,-0.34263152754902076,3927,Democratic,51.29
Virginia,-0.2563617457549862,2165,Republican,67.41
New Mexico,0.6231300245361243,990,Republican,56.54
New York,-0.1359373887110536,3745,Democratic,48.54
Kansas,0.8949974743746641,852,Republican,37.03
Alabama,0.9577392891872057,1467,Republican,50.1
North Dakota,-0.7351118983474837,2743,Republican,56.62
Montana,0.40154835669652567,2952,Democratic,48.04
Louisiana,0.20060095080343815,1651,Republican,37.46
Alaska,0.07211690014857944,1720,Republican,63.44
Vermont,0.9541021376548092,1097,Republican,45.07
Illinois,-1.178888961535329,1457,Republican,37.25
Oklahoma,-0.19490914514459537,2876,Republican,35.75
Mississippi,0.9750988376486709,2913,Republican,52.25
Missouri,-0.14351725989032887,4783,Republican,30.6
South Dakota,-0.49303826473212475,1930,Democratic,37.12
Iowa,0.9352154593848592,1853,Republican,30.28
Minnesota,0.15441716630559035,3059,Democratic,50.02
Alaska,1.1927692029905517,4952,Republican,46.94
Pennsylvania,1.3153986521782424,2742,Democratic,34.21
Connecticut,-1.2299432215499015,3807,Republican,46.78
Utah,-0.17511410058791133,2502,Republican,43.99
Louisiana,-1.7334546259871495,4442,Republican,63.37
Rhode Island,-0.9716614104758677,4113,Democratic,47.99
Massachusetts,0.5846079550212413,2977,Democratic,55.02
New Hampshire,-0.9172482539365938,3420,Democratic,65.07
Montana,1.8274069364253285,1715,Republican,65.95
Wisconsin,1.1404704791066909,916,Republican,59.27
Texas,0.7324664842332287,2289,Democratic,52.72
Florida,0.4159402566496638,3881,Democratic,57.07
Nevada,-0.9400334036367888,1613,Republican,41.87
California,0.5376323629007363,3306,Democratic,61.56
Massachusetts,-1.106059690141485,1524,Democratic,66.24
Kansas,-0.5584626632155859,3568,Republican,58.26
Wisconsin,1.5534708832392283,2653,Democratic,35.95
Minnesota,1.8326566165094307,2429,Democratic,69.25
Michigan,0.242845400271508,2315,Democratic,46.87
South Carolina,-1.8327239558607171,2311,Democratic,41.12
North Carolina,0.19965184421261192,1557,Democratic,49.37
Utah,0.4917349773074587,4703,Republican,39.45
Indiana,0.8243405199635346,3416,Democratic,53.31
Wyoming,-1.850949059035452,3756,Republican,65.67
Maryland,-1.6334749532801511,3880,Republican,36.39
Maine,0.06345684054650737,4946,Republican,67.15
Missouri,-1.0046292972411672,805,Democratic,42.74
Vermont,2.0633765998532754,2041,Democratic,33.04
Indiana,0.9631734176239899,4953,Democratic,33.35
Michigan,-0.4035209954633682,2364,Republican,68.33
Vermont,0.8580784784406159,4134,Democratic,65.03
Illinois,1.0115937949476173,4289,Democratic,38.2
Wyoming,-0.9812599305780555,4869,Republican,54.78
Missouri,-0.44576976348717123,1601,Republican,63.99
Texas,-0.9935665738306835,3026,Democratic,42.67
Arkansas,-0.8271285504597075,2042,Democratic,53.87
Iowa,-1.412405353931524,3652,Republican,53.76
Indiana,2.146310156734191,3007,Democratic,32.32
Colorado,0.9479749987024063,2099,Democratic,35.82
Alaska,-1.5708845754553398,698,Democratic,33.95
Maine,1.4366254747472353,4882,Republican,32.83
Louisiana,1.7032430825544553,1982,Democratic,49.17
New York,0.809148309519427,4851,Democratic,59.73
Rhode Island,0.1995163834648152,2912,Democratic,35.59
Arkansas,-0.5533495745143538,3874,Republican,60.63
South Dakota,0.6737384240543929,3547,Democratic,65.74
Oklahoma,1.3563970192017822,1546,Democratic,58.54
Mississippi,1.668849086833893,2692,Democratic,49.62
Missouri,0.10760503650389477,3932,Democratic,42.54
Georgia,-1.2131067680620755,1775,Republican,68.69
Ohio,0.7367877264070997,563,Republican,52.43
Mississippi,-1.2629573749953227,3988,Democratic,58.35
Connecticut,0.18647351255347105,1906,Republican,48.12
New York,0.43556868904569573,3029,Democratic,42.23
California,-0.903433394805367,4264,Republican,55.38
Minnesota,0.6207278791648235,2834,Republican,63.87
Tennessee,0.766187520183289,3301,Democratic,39.7
Alaska,2.1969274929976055,4945,Democratic,68.06
California,-0.061712414635057146,3873,Republican,38.06
Wisconsin,1.0520110808345233,3964,Republican,56.64
North Dakota,-0.7448391854042281,3385,Republican,40.12
Minnesota,0.9953867408314578,1208,Democratic,58.05
Vermont,-1.6549007332581465,3764,Democratic,49.28
Massachusetts,0.23176734394684914,3465,Democratic,57.04
New Mexico,-0.9655775824218785,2250,Democratic,32.56
Alaska,1.251233131221025,2288,Republican,37.58
Hawaii,0.22825551929860935,1574,Democratic,49.91
Vermont,1.581570596021735,4165,Democratic,50.41
Hawaii,-0.4187542654132988,3390,Democratic,35.76
Montana,0.31044854131955235,4247,Republican,35.12
Florida,1.0635483215587072,975,Democratic,44.68
Delaware,-0.7281047004033893,4478,Republican,52.72
Louisiana,0.6252411767531812,1792,Republican,32.27
South Dakota,0.4368602476381979,3392,Democratic,61.18
Washington,1.8087985909219688,810,Democratic,44.14
Colorado,0.8872446686604165,2718,Republican,33.37
New Mexico,-0.20850242984830142,1426,Democratic,40.81
Minnesota,2.154692459694043,747,Republican,50.13
New Mexico,2.000534334002618,2575,Democratic,67.95
Oklahoma,0.6692563927868767,4326,Republican,56.24
Wisconsin,-1.1413465356102377,4546,Republican,46.42
Ohio,-0.2316653675328247,911,Democratic,46.73
Massachusetts,1.414487006284278,2133,Republican,35.29
Wyoming,-0.7736591346778505,4787,Democratic,44.12
Maine,-0.4335599336517047,4634,Democratic,46.03
Hawaii,1.5965777780937294,4643,Democratic,41.88
Nebraska,0.4543884443036533,1915,Republican,31.28
Kansas,-0.48822620087390306,4430,Republican,42.43
Utah,0.16619622101916443,4880,Democratic,58.74
Mississippi,2.4116235767400434,3362,Democratic,39.91
North Dakota,-0.1086493498201781,3488,Republican,62.25
Pennsylvania,0.34815754340728233,2330,Republican,69.82
Kansas,0.9412021038632142,3167,Democratic,53.92
Maine,-0.8998688289371414,4064,Democratic,62.26
Maryland,1.7318337084371307,4471,Democratic,44.22
Oklahoma,-1.0693270866767124,3046,Democratic,47.29
Illinois,-0.7179208879174048,4832,Republican,36.97
Arkansas,-0.543274068848876,2382,Republican,64.94
South Carolina,-0.19135425644478465,2698,Democratic,45.2
Utah,-0.29073893168575654,4443,Democratic,50.11
Minnesota,-0.10599408922962889,808,Democratic,69.71
Arkansas,1.46189723766253,4060,Republican,67.5
Minnesota,-1.4141775952566054,1107,Democratic,66.93
Rhode Island,-0.6045517535141772,2760,Republican,63.12
Arkansas,0.828005073318325,963,Democratic,60.21
Iowa,0.530234372660198,2655,Republican,45.72
Kansas,-1.7453400300037607,4877,Republican,54.19
Maine,-1.2827410819334364,1623,Republican,34.91
New Mexico,0.14945258096070058,4462,Democratic,33.43
New Mexico,-1.148754082278258,1702,Democratic,66.54
Texas,1.4975722806716676,1694,Republican,69.02
Maine,-0.6108258205221964,2754,Democratic,62.3
New Jersey,-0.3133166842596843,4428,Republican,48.72
Alaska,1.8026610542742731,1123,Democratic,52.86
Kentucky,1.321302251824304,3105,Democratic,46.48
Montana,-0.07387292290156912,2494,Republican,52.17
California,0.13909975148899956,3940,Democratic,30.06
South Dakota,-1.040316656556645,4208,Democratic,30.51
Arizona,-0.44968920420121533,3865,Republican,44.76
Arkansas,0.044559368425464804,4551,Democratic,69.17
Iowa,0.19250699480587063,4618,Democratic,36.34
South Carolina,0.31543420012979395,3743,Democratic,37.04
North Carolina,-0.30592459840483976,1980,Republican,58.11
Arizona,1.2799085214444694,960,Democratic,45.38
Washington,-0.44444000851290416,4034,Democratic,38.98
Ohio,0.9718966003265027,3602,Democratic,38.07
Hawaii,0.6483062995730601,1231,Democratic,48.68
Tennessee,-0.6385716936343223,4451,Republican,61.84
Illinois,0.7320801749028283,1021,Democratic,46.96
Michigan,-1.4724483288086656,751,Republican,33.32
Oklahoma,0.7823605357662745,2857,Democratic,64.58
Indiana,0.24374280484784722,2888,Democratic,53.46
Rhode Island,-1.467701512927574,3521,Republican,59.81
Texas,1.1101760148792037,3539,Republican,36.96
Michigan,-0.3124725784351199,4111,Democratic,45.33
Tennessee,1.8957219066005053,4965,Democratic,42.52
New Jersey,-0.3972439162707018,3953,Democratic,51.23
Delaware,0.8458761757919417,4851,Democratic,38.64
New Jersey,-0.9685097391425258,2893,Republican,32.63
Mississippi,0.9658840157507115,548,Democratic,52.14
Alaska,0.18903974765899484,1531,Republican,44.7
New York,0.7247977080386394,4101,Republican,59.8
Missouri,-0.6974801460702611,3590,Democratic,65.91
North Carolina,0.8706394180831921,4966,Republican,62.33
Hawaii,0.5879258978494853,4016,Democratic,45.68
Texas,-1.0592349648250317,3657,Democratic,41.32
Colorado,-0.668805254118257,4202,Republican,41.14
Nebraska,0.2859166760879307,1276,Democratic,56.38
Pennsylvania,-0.36427018982993525,2108,Democratic,53.9
Alaska,-0.49549923189439754,544,Republican,61.76
Alaska,-0.10816270999854345,3783,Democratic,63.28
Delaware,0.7997988382411493,4417,Republican,35
Vermont,-0.3084020094072884,4633,Democratic,35.58
Kansas,0.13244559515714513,1015,Democratic,65.57
Arkansas,0.7762708611177234,3774,Republican,56.09
Idaho,0.32992282577492055,4607,Republican,44.08
Iowa,0.21094974571074504,3904,Republican,48.07
Pennsylvania,-1.2732486346172842,1352,Republican,34.43
Ohio,-0.8186303603880238,3848,Democratic,44.77
Indiana,1.2179015038297798,1531,Democratic,64.71
Alaska,0.28921087955127506,2288,Republican,51.19
Arkansas,0.5765885851098668,1530,Democratic,68.3
Connecticut,-0.8597770186971027,1050,Republican,64.9
Arizona,0.04436049530612489,4508,Democratic,36.22
Oregon,0.3597262642384505,4360,Democratic,59.89
Connecticut,-0.21032425140736452,2357,Republican,46.49
North Carolina,-1.3343743232218594,3969,Republican,46.25
Montana,-0.3354618780611328,3161,Democratic,34.75
Wyoming,-0.7950569907006547,547,Democratic,63.59
New Jersey,-0.0035100570707840375,1147,Republican,42.09
Oklahoma,-1.6664875544276434,1459,Republican,34.85
New Hampshire,-0.5925297980078057,1492,Democratic,31.79
Montana,-0.5443602475567242,3423,Democratic,53.53
Montana,-0.9388913447983456,2240,Democratic,42.33
New Mexico,-0.10648697652081474,4694,Democratic,51.59
Illinois,1.5372481804481752,4684,Republican,59.89
Ohio,0.9570556039352351,3161,Democratic,40.14
South Carolina,1.6463041177739928,2074,Republican,61.72
New Mexico,-0.7927366352353684,3294,Republican,37.43
South Carolina,1.532457204648889,3533,Democratic,59.71
Illinois,-0.86610998921407,510,Democratic,52.78
Missouri,0.25142272288456163,2211,Republican,68.12
Oklahoma,-0.8819894602046816,618,Republican,46.05
Kansas,-0.33470786645306083,4983,Democratic,49.71
Michigan,0.04907268223220307,1383,Democratic,63.39
Texas,0.17513782615395118,3422,Democratic,44.68
South Dakota,-1.6325081276008908,3951,Democratic,51.95
Texas,0.7732756050457058,4484,Republican,60.47
Colorado,2.178641751321121,889,Republican,66.46
Nevada,0.23865822954545612,2702,Republican,61.79
Maine,-0.38856222418676506,3079,Republican,55.67
Oregon,0.015999461098112233,4695,Democratic,50.23
Michigan,-0.766932732038779,4836,Republican,65.72
Kentucky,-0.2389847087636963,4125,Republican,48.29
Utah,0.4437570272794311,2494,Democratic,45.63
Vermont,1.6786158109449956,740,Democratic,43.07
Michigan,-0.7724224223546017,1998,Republican,60.61
Alaska,-1.37266913852029,2718,Republican,66.57
Rhode Island,0.012693112915416433,3582,Republican,32.79
Kansas,1.4360385133695217,3631,Democratic,62.74
Alaska,0.7574783685188137,3523,Republican,41.12
Nevada,-0.8734190849631667,3239,Republican,63.8
Georgia,0.8307201179747079,3623,Republican,36.07
Delaware,1.1677482528768361,4779,Republican,32.71
Iowa,-0.6142430538582325,1716,Democratic,55.53
Wisconsin,-0.9124261665700903,1901,Democratic,56.75
Kansas,-0.20472294039749966,2516,Democratic,48.05
Mississippi,-0.29535049749209813,2941,Democratic,46.54
Oregon,-0.8978952602715837,2290,Democratic,50.64
Texas,-0.4661011008165328,2252,Republican,52.44
Louisiana,-0.48098182479767526,2664,Democratic,45.24
Iowa,-0.5360094799759266,3021,Republican,41.28
New Hampshire,0.09427814428236662,3377,Republican,61.38
Wisconsin,1.4252283492659763,3616,Democratic,66.76
Delaware,-0.5719901504406709,2541,Republican,34.87
South Carolina,-1.2626866675577477,790,Republican,64.64
New Hampshire,0.7615506376626388,2906,Democratic,40.66
Michigan,-1.65211535537805,2927,Democratic,41.48
New Hampshire,0.65293265427236,2727,Democratic,67.68
Colorado,-1.213357246948215,4689,Republican,37.34
Vermont,0.6646385236638163,4506,Republican,67.23
South Carolina,0.2819241894804688,4320,Democratic,59.28
Alabama,0.6040682895059769,3775,Republican,41.72
South Dakota,1.4253979889298534,3380,Democratic,38.09
Massachusetts,-1.4233586302376824,4666,Democratic,48.24
Iowa,-1.219103078738621,3478,Republican,53.15
Nevada,0.1780646898558524,3616,Democratic,50.8
Tennessee,0.08153538347075615,4901,Republican,33.19
Arkansas,0.9705244753075324,3229,Democratic,66.68
Maryland,-1.4761677859530784,885,Republican,58.59
Tennessee,-0.10527504235460262,1958,Republican,68.52
Kansas,-0.9177298165863609,2188,Republican,49.5
Hawaii,-1.1843406557512508,2061,Democratic,34.72
Alaska,0.45848871127253316,4393,Republican,60.12
Alaska,0.5427291495497825,1799,Republican,67.81
Texas,1.3078535787346903,1487,Republican,45.21
Rhode Island,-0.14931822149789234,3767,Republican,52.47
Alabama,0.19374748376495063,1779,Democratic,67.03
West Virginia,1.3108585087982947,4583,Republican,31.28
Ohio,-2.225693750397218,1830,Democratic,56.13
Alaska,1.83178258507611,3945,Democratic,69.18
Alaska,0.8564321031319807,1471,Democratic,33.85
Minnesota,-0.18933292474033137,3404,Republican,36.05
California,-0.07707221944821517,582,Democratic,42.88
Vermont,0.1989976195930862,2965,Republican,32.93
Connecticut,1.6353279613398026,3894,Democratic,34.98
Florida,0.3054226026262223,2073,Democratic,34.56
Florida,0.5975240074706775,3387,Democratic,46.37
Delaware,-1.1036134429505522,683,Democratic,39.89
New Jersey,1.23663664539322,3553,Republican,35.26
Nebraska,0.21879153842623286,1490,Republican,30.2
Indiana,0.14938502545153587,2562,Republican,54.79
Kansas,-1.1281974020951484,3615,Republican,65.58
Wyoming,1.889007297521852,2025,Republican,43.24
Alabama,0.24742657585093417,4646,Republican,57.02
California,0.5536762592568241,2637,Republican,39.07
Tennessee,-0.46058853005091077,3794,Democratic,34.85
Idaho,-2.1929552239134735,854,Democratic,40.67
Wisconsin,-1.7874605405759398,2154,Democratic,60.23
South Carolina,-0.0022406566624360324,3290,Republican,49.27
Minnesota,-1.7332270921326336,849,Republican,63.28
Indiana,3.1455366629129853,3996,Republican,44.25
Maryland,0.8464320233522111,3374,Republican,50.53
New Mexico,-0.5250128666078013,1796,Republican,37.62
Pennsylvania,0.6118641458807479,1938,Republican,64.64
North Dakota,-0.2619942796936734,1259,Republican,39.07
New Hampshire,-0.6662645777989336,4675,Republican,51.11
Nebraska,-0.14371326805465598,2158,Republican,45.78
Virginia,1.319595789127804,4993,Republican,43.57
New Mexico,0.1655384875867094,1532,Democratic,34.41
Oklahoma,-1.9085594462428457,1758,Democratic,57.45
Florida,0.427770319988481,1695,Republican,57.82
Ohio,-1.0809154773273637,756,Democratic,34.56
Connecticut,-0.5123007381779164,4287,Republican,37.19
Kentucky,0.12406376421725918,2482,Democratic,51.52
South Carolina,-0.5354489085376842,4371,Democratic,66.46
Illinois,-1.5152882541088477,2676,Democratic,55.37
Alaska,-0.4552599437984148,1060,Democratic,31.4
Florida,0.19732125872913833,4751,Republican,68.84
Nevada,0.6288239006734494,3802,Republican,65.3
Iowa,0.04866669566578684,2294,Republican,41.13
North Dakota,0.2000486305585418,2309,Republican,41.48
New York,0.8295410253998954,2474,Democratic,51.55
Ohio,0.3464981098803743,4320,Democratic,35.8
Iowa,-0.7610330368287906,599,Democratic,66.54
New Mexico,0.009108742341441937,1827,Democratic,63.83
Vermont,0.19782854398275337,4867,Democratic,34.44
South Dakota,-0.8076787528237206,574,Democratic,38.65
South Dakota,-0.5792493580196134,4968,Republican,47.49
Florida,0.20917303656037203,3977,Democratic,31.41
Rhode Island,-0.8942542837614479,3989,Republican,56.13
Maine,-0.32556950522052336,4645,Republican,54.78
California,0.8591896809194387,3122,Democratic,47.84
Wisconsin,2.1078658574322024,2124,Republican,59.76
New Hampshire,0.08281105799354735,3276,Republican,48.67
Virginia,0.49253921351127966,867,Democratic,38.17
California,0.7850776277158777,1131,Republican,56.47
Iowa,-0.9580034106147761,4567,Democratic,44.54
